image_path,image_name,sample_id,position,repeat_index,status,length_px,dx_px,dy_px,angle_deg,measurement_method,x1_px,y1_px,x2_px,y2_px,band_bbox_x,band_bbox_y,band_bbox_w,band_bbox_h,component_area_px,component_fill,threshold,band_slope,confidence,band_confidence,edge_confidence,edge_left_x_px,edge_right_x_px,edge_left_strength,edge_right_strength,edge_left_contrast,edge_right_contrast,edge_profile_height_px,reference_length_px,length_delta_from_reference_px,length_ratio_to_reference,overlay_path,message
sample_1/pos_1/Pic_2026_04_23_142727_286.bmp,Pic_2026_04_23_142727_286.bmp,s1,pos1,,OK,2737.127188,2737.096774,12.903226,0.270102,subpixel_projection_edge,143.548387,820.967742,2880.645161,833.870968,144,785,2733,274,555224,0.741443,122.000000,-0.000233,0.958035,1.000000,0.958035,139.088621,2880.216019,13.855507,18.813103,254.999969,254.999969,274,2737.127188,0.000000,1.000000,output/detection_overlays/sample_1__pos_1__Pic_2026_04_23_142727_286_overlay.png,
sample_1/pos_1/Pic_2026_04_23_142730_287.bmp,Pic_2026_04_23_142730_287.bmp,s1,pos1,,OK,2737.106574,2737.077956,12.516364,0.262006,subpixel_projection_edge,143.563076,821.161173,2880.641032,833.677537,144,785,2733,274,555956,0.742421,122.000000,-0.000374,0.953421,1.000000,0.953421,139.103310,2880.211889,13.729651,18.782660,254.999969,254.999969,274,2737.127188,-0.020615,0.999992,output/detection_overlays/sample_1__pos_1__Pic_2026_04_23_142730_287_overlay.png,
sample_1/pos_1/Pic_2026_04_23_142732_288.bmp,Pic_2026_04_23_142732_288.bmp,s1,pos1,,OK,2737.109530,2737.077960,13.145990,0.275185,subpixel_projection_edge,143.574568,820.846360,2880.652528,833.992350,144,785,2734,274,555270,0.741234,122.000000,-0.000144,0.949070,1.000000,0.949070,139.114802,2880.223386,13.611004,18.889736,254.999969,254.999969,274,2737.127188,-0.017659,0.999994,output/detection_overlays/sample_1__pos_1__Pic_2026_04_23_142732_288_overlay.png,
sample_1/pos_1/Pic_2026_04_23_142734_289.bmp,Pic_2026_04_23_142734_289.bmp,s1,pos1,,OK,2737.143275,2737.114298,12.594657,0.263641,subpixel_projection_edge,143.534802,820.967211,2880.649100,833.561868,144,785,2733,273,555254,0.744200,122.000000,-0.000345,0.961333,1.000000,0.961333,139.075036,2880.219957,13.945436,18.802977,254.999969,254.999969,273,2737.127188,0.016087,1.000006,output/detection_overlays/sample_1__pos_1__Pic_2026_04_23_142734_289_overlay.png,
sample_1/pos_1/Pic_2026_04_23_142736_290.bmp,Pic_2026_04_23_142736_290.bmp,s1,pos1,,OK,2737.125275,2737.097536,12.322703,0.257950,subpixel_projection_edge,143.547999,821.103188,2880.645535,833.425891,144,785,2733,273,555746,0.744859,122.000000,-0.000445,0.957743,1.000000,0.957743,139.088233,2880.216392,13.847528,18.827707,254.999969,254.999969,273,2737.127188,-0.001913,0.999999,output/detection_overlays/sample_1__pos_1__Pic_2026_04_23_142736_290_overlay.png,
sample_1/pos_1/Pic_2026_04_23_142738_291.bmp,Pic_2026_04_23_142738_291.bmp,s1,pos1,,OK,2737.110475,2737.085563,11.677984,0.244455,subpixel_projection_edge,143.571336,816.509254,2880.656898,828.187238,144,779,2734,280,555291,0.725378,122.000000,-0.000680,0.948022,1.000000,0.948022,139.111570,2880.227756,13.582407,18.812038,254.999969,254.999969,280,2737.127188,-0.016713,0.999994,output/detection_overlays/sample_1__pos_1__Pic_2026_04_23_142738_291_overlay.png,
sample_1/pos_1/Pic_2026_04_23_142740_292.bmp,Pic_2026_04_23_142740_292.bmp,s1,pos1,,OK,2737.142362,2737.110147,13.279730,0.277982,subpixel_projection_edge,143.536538,820.624674,2880.646686,833.904405,144,785,2733,273,555361,0.744343,122.000000,-0.000095,0.962147,1.000000,0.962147,139.076772,2880.217543,13.967655,18.889061,254.999969,254.999969,273,2737.127188,0.015174,1.000006,output/detection_overlays/sample_1__pos_1__Pic_2026_04_23_142740_292_overlay.png,
sample_1/pos_1/Pic_2026_04_23_142742_293.bmp,Pic_2026_04_23_142742_293.bmp,s1,pos1,,OK,2737.115064,2737.088400,12.081576,0.252903,subpixel_projection_edge,143.555748,821.378567,2880.644148,833.460143,144,785,2734,274,555355,0.741347,122.000000,-0.000533,0.953485,1.000000,0.953485,139.095982,2880.215005,13.731413,18.756542,254.999969,254.999969,274,2737.127188,-0.012125,0.999996,output/detection_overlays/sample_1__pos_1__Pic_2026_04_23_142742_293_overlay.png,
sample_1/pos_1/Pic_2026_04_23_142744_294.bmp,Pic_2026_04_23_142744_294.bmp,s1,pos1,,OK,2737.110163,2737.079963,12.857668,0.269150,subpixel_projection_edge,143.557535,815.919412,2880.637498,828.777080,144,779,2734,280,555643,0.725837,122.000000,-0.000249,0.953580,1.000000,0.953580,139.097769,2880.208355,13.734004,18.716724,254.999969,254.999969,280,2737.127188,-0.017026,0.999994,output/detection_overlays/sample_1__pos_1__Pic_2026_04_23_142744_294_overlay.png,
sample_1/pos_1/Pic_2026_04_23_142746_295.bmp,Pic_2026_04_23_142746_295.bmp,s1,pos1,,OK,2737.128720,2737.096101,13.362628,0.279718,subpixel_projection_edge,143.539693,820.738041,2880.635794,834.100669,144,785,2734,274,555832,0.741984,122.000000,-0.000065,0.960072,1.000000,0.960072,139.079927,2880.206652,13.911049,18.717253,254.999969,254.999969,274,2737.127188,0.001532,1.000001,output/detection_overlays/sample_1__pos_1__Pic_2026_04_23_142746_295_overlay.png,
sample_1/pos_1/Pic_2026_04_23_142748_296.bmp,Pic_2026_04_23_142748_296.bmp,s1,pos1,,OK,2737.110338,2737.081112,12.648765,0.264777,subpixel_projection_edge,143.552404,821.094972,2880.633515,833.743737,144,785,2734,274,555525,0.741574,122.000000,-0.000326,0.956600,1.000000,0.956600,139.092637,2880.204373,13.816356,18.704157,254.999969,254.999969,274,2737.127188,-0.016850,0.999994,output/detection_overlays/sample_1__pos_1__Pic_2026_04_23_142748_296_overlay.png,
sample_1/pos_1/Pic_2026_04_23_142750_297.bmp,Pic_2026_04_23_142750_297.bmp,s1,pos1,,OK,2737.138839,2737.107783,13.038773,0.272938,subpixel_projection_edge,143.541455,815.828859,2880.649238,828.867632,144,779,2733,280,555161,0.725473,122.000000,-0.000183,0.960459,1.000000,0.960459,139.081689,2880.220095,13.921621,18.830036,254.999969,254.999969,280,2737.127188,0.011651,1.000004,output/detection_overlays/sample_1__pos_1__Pic_2026_04_23_142750_297_overlay.png,
sample_1/pos_1/Pic_2026_04_23_142752_298.bmp,Pic_2026_04_23_142752_298.bmp,s1,pos1,,OK,2737.125131,2737.097599,12.276709,0.256987,subpixel_projection_edge,143.547236,816.055076,2880.644835,828.331785,144,779,2734,279,555371,0.728082,122.000000,-0.000461,0.957340,1.000000,0.957340,139.087470,2880.215692,13.836556,18.781820,254.999969,254.999969,279,2737.127188,-0.002057,0.999999,output/detection_overlays/sample_1__pos_1__Pic_2026_04_23_142752_298_overlay.png,
sample_1/pos_1/Pic_2026_04_23_142754_299.bmp,Pic_2026_04_23_142754_299.bmp,s1,pos1,,OK,2737.132427,2737.098368,13.654551,0.285829,subpixel_projection_edge,143.551293,820.592079,2880.649662,834.246630,144,785,2734,274,555719,0.741833,122.000000,0.000042,0.957248,1.000000,0.957248,139.091527,2880.220519,13.834026,18.837820,254.999969,254.999969,274,2737.127188,0.005239,1.000002,output/detection_overlays/sample_1__pos_1__Pic_2026_04_23_142754_299_overlay.png,
sample_1/pos_1/Pic_2026_04_23_142756_300.bmp,Pic_2026_04_23_142756_300.bmp,s1,pos1,,OK,2737.136779,2737.108398,12.464676,0.260921,subpixel_projection_edge,143.550311,821.032202,2880.658709,833.496878,144,785,2734,273,555743,0.744583,122.000000,-0.000393,0.956188,1.000000,0.956188,139.090545,2880.229566,13.805114,18.960442,254.999969,254.999969,273,2737.127188,0.009591,1.000004,output/detection_overlays/sample_1__pos_1__Pic_2026_04_23_142756_300_overlay.png,
sample_1/pos_1/Pic_2026_04_23_142758_301.bmp,Pic_2026_04_23_142758_301.bmp,s1,pos1,,OK,2737.143386,2737.120234,11.257834,0.235657,subpixel_projection_edge,143.529911,821.790438,2880.650145,833.048272,144,785,2734,274,555264,0.741226,122.000000,-0.000834,0.965462,1.000000,0.965462,139.070145,2880.221003,14.058064,18.937420,254.999969,254.999969,274,2737.127188,0.016198,1.000006,output/detection_overlays/sample_1__pos_1__Pic_2026_04_23_142758_301_overlay.png,
sample_1/pos_1/Pic_2026_04_23_142800_302.bmp,Pic_2026_04_23_142800_302.bmp,s1,pos1,,OK,2737.139643,2737.107606,13.243118,0.277216,subpixel_projection_edge,143.531954,820.797796,2880.639560,834.040914,144,785,2734,274,555401,0.741409,122.000000,-0.000108,0.962630,1.000000,0.962630,139.072188,2880.210417,13.980828,18.737263,254.999969,254.999969,274,2737.127188,0.012455,1.000005,output/detection_overlays/sample_1__pos_1__Pic_2026_04_23_142800_302_overlay.png,
sample_1/pos_1/Pic_2026_04_23_142802_303.bmp,Pic_2026_04_23_142802_303.bmp,s1,pos1,,OK,2737.124524,2737.095098,12.691748,0.265675,subpixel_projection_edge,143.540061,820.918665,2880.635159,833.610414,144,785,2734,273,555562,0.744340,122.000000,-0.000310,0.958778,1.000000,0.958778,139.080294,2880.206016,13.875776,18.749735,254.999969,254.999969,273,2737.127188,-0.002665,0.999999,output/detection_overlays/sample_1__pos_1__Pic_2026_04_23_142802_303_overlay.png,
sample_1/pos_1/Pic_2026_04_23_142804_304.bmp,Pic_2026_04_23_142804_304.bmp,s1,pos1,,OK,2737.117176,2737.086802,12.894637,0.269923,subpixel_projection_edge,143.553274,820.972037,2880.640077,833.866673,144,785,2734,274,555573,0.741638,122.000000,-0.000236,0.957546,1.000000,0.957546,139.093508,2880.210934,13.842155,18.689188,254.999969,254.999969,274,2737.127188,-0.010012,0.999996,output/detection_overlays/sample_1__pos_1__Pic_2026_04_23_142804_304_overlay.png,
sample_1/pos_1/Pic_2026_04_23_142806_305.bmp,Pic_2026_04_23_142806_305.bmp,s1,pos1,,OK,2737.143520,2737.111797,13.177984,0.275852,subpixel_projection_edge,143.520493,820.675548,2880.632290,833.853532,144,785,2734,273,555629,0.744430,122.000000,-0.000132,0.965123,1.000000,0.965123,139.060727,2880.203147,14.048800,18.713379,254.999969,254.999969,273,2737.127188,0.016331,1.000006,output/detection_overlays/sample_1__pos_1__Pic_2026_04_23_142806_305_overlay.png,
sample_1/pos_2/Pic_2026_04_23_142831_307.bmp,Pic_2026_04_23_142831_307.bmp,s1,pos2,,OK,2733.734151,2733.734147,0.140728,0.002949,subpixel_projection_edge,163.598153,504.884545,2897.332300,505.025273,163,463,2731,271,559433,0.755887,122.000000,-0.004895,0.934907,1.000000,0.934907,159.138387,2896.903157,13.224739,14.803802,254.999969,254.999969,271,2737.127188,-3.393038,0.998760,output/detection_overlays/sample_1__pos_2__Pic_2026_04_23_142831_307_overlay.png,
sample_1/pos_2/Pic_2026_04_23_142833_308.bmp,Pic_2026_04_23_142833_308.bmp,s1,pos2,,OK,2733.703811,2733.703807,-0.146661,-0.003074,subpixel_projection_edge,163.622755,505.028240,2897.326563,504.881579,163,463,2731,271,559069,0.755396,122.000000,-0.005000,0.927314,1.000000,0.927314,159.162989,2896.897420,13.017653,14.798777,254.999969,254.999969,271,2737.127188,-3.423377,0.998749,output/detection_overlays/sample_1__pos_2__Pic_2026_04_23_142833_308_overlay.png,
sample_1/pos_2/Pic_2026_04_23_142835_309.bmp,Pic_2026_04_23_142835_309.bmp,s1,pos2,,OK,2733.734783,2733.734765,0.317105,0.006646,subpixel_projection_edge,163.601169,503.951172,2897.335933,504.268277,163,462,2731,272,558318,0.751607,122.000000,-0.004831,0.934266,1.000000,0.934266,159.141403,2896.906791,13.207258,14.862724,254.999969,254.999969,272,2737.127188,-3.392405,0.998761,output/detection_overlays/sample_1__pos_2__Pic_2026_04_23_142835_309_overlay.png,
sample_1/pos_2/Pic_2026_04_23_142837_310.bmp,Pic_2026_04_23_142837_310.bmp,s1,pos2,,OK,2733.737253,2733.737247,0.174653,0.003661,subpixel_projection_edge,163.599222,504.867583,2897.336470,505.042236,163,463,2731,271,558935,0.755214,122.000000,-0.004883,0.934270,1.000000,0.934270,159.139456,2896.907327,13.207358,14.785464,254.999969,254.999969,271,2737.127188,-3.389935,0.998761,output/detection_overlays/sample_1__pos_2__Pic_2026_04_23_142837_310_overlay.png,
sample_1/pos_2/Pic_2026_04_23_142839_311.bmp,Pic_2026_04_23_142839_311.bmp,s1,pos2,,OK,2733.735818,2733.735769,-0.518225,-0.010861,subpixel_projection_edge,163.602654,504.368837,2897.338423,503.850612,163,462,2731,272,558865,0.752344,122.000000,-0.005136,0.935825,1.000000,0.935825,159.142888,2896.909280,13.249783,14.894804,254.999969,254.999969,272,2737.127188,-3.391370,0.998761,output/detection_overlays/sample_1__pos_2__Pic_2026_04_23_142839_311_overlay.png,
sample_1/pos_2/Pic_2026_04_23_142841_312.bmp,Pic_2026_04_23_142841_312.bmp,s1,pos2,,OK,2733.740190,2733.739615,1.772912,0.037158,subpixel_projection_edge,163.595693,503.223269,2897.335308,504.996180,163,462,2731,272,558672,0.752084,122.000000,-0.004298,0.936417,1.000000,0.936417,159.135927,2896.906166,13.265926,14.821718,254.999969,254.999969,272,2737.127188,-3.386998,0.998763,output/detection_overlays/sample_1__pos_2__Pic_2026_04_23_142841_312_overlay.png,
sample_1/pos_2/Pic_2026_04_23_142843_313.bmp,Pic_2026_04_23_142843_313.bmp,s1,pos2,,OK,2733.750454,2733.750448,-0.168780,-0.003537,subpixel_projection_edge,163.593548,504.194115,2897.343996,504.025334,163,462,2731,272,558707,0.752131,122.000000,-0.005009,0.936927,1.000000,0.936927,159.133781,2896.914853,13.279837,14.890951,254.999969,254.999969,272,2737.127188,-3.376735,0.998766,output/detection_overlays/sample_1__pos_2__Pic_2026_04_23_142843_313_overlay.png,
sample_1/pos_2/Pic_2026_04_23_142845_314.bmp,Pic_2026_04_23_142845_314.bmp,s1,pos2,,OK,2733.776396,2733.776367,0.398600,0.008354,subpixel_projection_edge,163.562997,503.910425,2897.339364,504.309024,163,462,2731,272,558385,0.751698,122.000000,-0.004801,0.945938,1.000000,0.945938,159.103231,2896.910221,13.525575,14.755743,254.999969,254.999969,272,2737.127188,-3.350793,0.998776,output/detection_overlays/sample_1__pos_2__Pic_2026_04_23_142845_314_overlay.png,
sample_1/pos_2/Pic_2026_04_23_142847_315.bmp,Pic_2026_04_23_142847_315.bmp,s1,pos2,,OK,2733.727509,2733.727462,0.507130,0.010629,subpixel_projection_edge,163.610957,503.856160,2897.338419,504.363289,163,462,2731,272,559053,0.752597,122.000000,-0.004761,0.932552,1.000000,0.932552,159.151191,2896.909276,13.160498,14.854490,254.999969,254.999969,272,2737.127188,-3.399679,0.998758,output/detection_overlays/sample_1__pos_2__Pic_2026_04_23_142847_315_overlay.png,
sample_1/pos_2/Pic_2026_04_23_142849_316.bmp,Pic_2026_04_23_142849_316.bmp,s1,pos2,,OK,2733.736890,2733.736885,0.164275,0.003443,subpixel_projection_edge,163.591782,504.872772,2897.328667,505.037047,163,463,2731,271,559063,0.755387,122.000000,-0.004887,0.937539,1.000000,0.937539,159.132016,2896.899524,13.296520,14.739716,254.999969,254.999969,271,2737.127188,-3.390298,0.998761,output/detection_overlays/sample_1__pos_2__Pic_2026_04_23_142849_316_overlay.png,
sample_1/pos_2/Pic_2026_04_23_142851_317.bmp,Pic_2026_04_23_142851_317.bmp,s1,pos2,,OK,2733.727153,2733.727107,0.501305,0.010507,subpixel_projection_edge,163.606064,503.859072,2897.333172,504.360377,163,462,2731,272,558154,0.751387,122.000000,-0.004763,0.934322,1.000000,0.934322,159.146298,2896.904029,13.208785,14.863213,254.999969,254.999969,272,2737.127188,-3.400035,0.998758,output/detection_overlays/sample_1__pos_2__Pic_2026_04_23_142851_317_overlay.png,
sample_1/pos_2/Pic_2026_04_23_142853_318.bmp,Pic_2026_04_23_142853_318.bmp,s1,pos2,,OK,2733.736357,2733.736348,0.226371,0.004744,subpixel_projection_edge,163.603165,504.841724,2897.339512,505.068095,163,463,2731,271,559468,0.755935,122.000000,-0.004864,0.933001,1.000000,0.933001,159.143399,2896.910370,13.172756,14.963892,254.999969,254.999969,271,2737.127188,-3.390831,0.998761,output/detection_overlays/sample_1__pos_2__Pic_2026_04_23_142853_318_overlay.png,
sample_1/pos_2/Pic_2026_04_23_142855_319.bmp,Pic_2026_04_23_142855_319.bmp,s1,pos2,,OK,2733.748319,2733.748197,0.815920,0.017101,subpixel_projection_edge,163.583388,503.701765,2897.331585,504.517684,163,462,2731,272,558720,0.752149,122.000000,-0.004648,0.938347,1.000000,0.938347,159.123622,2896.902442,13.318546,14.823741,254.999969,254.999969,272,2737.127188,-3.378870,0.998766,output/detection_overlays/sample_1__pos_2__Pic_2026_04_23_142855_319_overlay.png,
sample_1/pos_2/Pic_2026_04_23_142857_320.bmp,Pic_2026_04_23_142857_320.bmp,s1,pos2,,OK,2733.764488,2733.764483,0.162310,0.003402,subpixel_projection_edge,163.575429,504.873754,2897.339912,505.036064,163,463,2731,271,558334,0.754402,122.000000,-0.004887,0.942603,1.000000,0.942603,159.115663,2896.910769,13.434633,14.816849,254.999969,254.999969,271,2737.127188,-3.362701,0.998771,output/detection_overlays/sample_1__pos_2__Pic_2026_04_23_142857_320_overlay.png,
sample_1/pos_2/Pic_2026_04_23_142859_321.bmp,Pic_2026_04_23_142859_321.bmp,s1,pos2,,OK,2733.781192,2733.781142,0.521923,0.010939,subpixel_projection_edge,163.572647,503.848763,2897.353790,504.370686,163,462,2731,272,558812,0.752272,122.000000,-0.004756,0.944802,1.000000,0.944802,159.112881,2896.924647,13.494587,14.976035,254.999969,254.999969,272,2737.127188,-3.345996,0.998778,output/detection_overlays/sample_1__pos_2__Pic_2026_04_23_142859_321_overlay.png,
sample_1/pos_2/Pic_2026_04_23_142901_322.bmp,Pic_2026_04_23_142901_322.bmp,s1,pos2,,OK,2733.754726,2733.754709,0.307659,0.006448,subpixel_projection_edge,163.574149,503.955895,2897.328857,504.263554,163,462,2731,272,558598,0.751984,122.000000,-0.004834,0.944002,1.000000,0.944002,159.114383,2896.899715,13.472788,14.736390,254.999969,254.999969,272,2737.127188,-3.372462,0.998768,output/detection_overlays/sample_1__pos_2__Pic_2026_04_23_142901_322_overlay.png,
sample_1/pos_2/Pic_2026_04_23_142903_323.bmp,Pic_2026_04_23_142903_323.bmp,s1,pos2,,OK,2733.772776,2733.772752,0.361904,0.007585,subpixel_projection_edge,163.568444,503.928773,2897.341196,504.290676,163,462,2731,272,558532,0.751895,122.000000,-0.004814,0.946446,1.000000,0.946446,159.108677,2896.912053,13.539450,14.890945,254.999969,254.999969,272,2737.127188,-3.354412,0.998774,output/detection_overlays/sample_1__pos_2__Pic_2026_04_23_142903_323_overlay.png,
sample_1/pos_2/Pic_2026_04_23_142905_324.bmp,Pic_2026_04_23_142905_324.bmp,s1,pos2,,OK,2733.762397,2733.762394,0.133860,0.002806,subpixel_projection_edge,163.570575,504.887979,2897.332969,505.021839,163,463,2731,271,558188,0.754205,122.000000,-0.004898,0.943786,1.000000,0.943786,159.110809,2896.903826,13.466895,14.777168,254.999969,254.999969,271,2737.127188,-3.364791,0.998771,output/detection_overlays/sample_1__pos_2__Pic_2026_04_23_142905_324_overlay.png,
sample_1/pos_2/Pic_2026_04_23_142907_325.bmp,Pic_2026_04_23_142907_325.bmp,s1,pos2,,OK,2733.769480,2733.769467,0.263657,0.005526,subpixel_projection_edge,163.570075,503.977896,2897.339543,504.241553,163,462,2731,272,558289,0.751568,122.000000,-0.004850,0.944900,1.000000,0.944900,159.110309,2896.910400,13.497282,14.846922,254.999969,254.999969,272,2737.127188,-3.357708,0.998773,output/detection_overlays/sample_1__pos_2__Pic_2026_04_23_142907_325_overlay.png,
sample_1/pos_2/Pic_2026_04_23_142909_326.bmp,Pic_2026_04_23_142909_326.bmp,s1,pos2,,OK,2733.754976,2733.754850,0.827111,0.017335,subpixel_projection_edge,163.579795,503.696169,2897.334646,504.523280,163,462,2731,272,558670,0.752081,122.000000,-0.004644,0.942264,1.000000,0.942264,159.120029,2896.905503,13.425374,14.852835,254.999969,254.999969,272,2737.127188,-3.372213,0.998768,output/detection_overlays/sample_1__pos_2__Pic_2026_04_23_142909_326_overlay.png,
sample_1/pos_3/Pic_2026_04_23_142941_327.bmp,Pic_2026_04_23_142941_327.bmp,s1,pos3,,OK,2716.168401,2715.953120,34.196939,0.721381,subpixel_projection_edge,262.309541,1216.952743,2978.262661,1251.149682,261,1189,2714,291,541755,0.685962,123.000000,0.007644,0.938217,1.000000,0.938217,257.849775,2977.833518,16.791809,13.315001,254.999969,250.934608,291,2737.127188,-20.958788,0.992343,output/detection_overlays/sample_1__pos_3__Pic_2026_04_23_142941_327_overlay.png,
sample_1/pos_3/Pic_2026_04_23_142943_328.bmp,Pic_2026_04_23_142943_328.bmp,s1,pos3,,OK,2716.155944,2715.934222,34.704631,0.732095,subpixel_projection_edge,262.299073,1217.318158,2978.233295,1252.022789,261,1189,2714,295,542025,0.676998,123.000000,0.007831,0.940953,1.000000,0.940953,257.839306,2977.804152,16.890944,13.389620,254.999969,249.972671,295,2737.127188,-20.971244,0.992338,output/detection_overlays/sample_1__pos_3__Pic_2026_04_23_142943_328_overlay.png,
sample_1/pos_3/Pic_2026_04_23_142945_329.bmp,Pic_2026_04_23_142945_329.bmp,s1,pos3,,OK,2716.162049,2715.939994,34.730778,0.732645,subpixel_projection_edge,262.319665,1216.685824,2978.259659,1251.416602,261,1189,2714,291,541932,0.686186,123.000000,0.007841,0.934723,1.000000,0.934723,257.859899,2977.830517,16.708372,13.219714,254.999969,250.982260,291,2737.127188,-20.965139,0.992340,output/detection_overlays/sample_1__pos_3__Pic_2026_04_23_142945_329_overlay.png,
sample_1/pos_3/Pic_2026_04_23_142947_330.bmp,Pic_2026_04_23_142947_330.bmp,s1,pos3,,OK,2716.188219,2715.972233,34.253045,0.722559,subpixel_projection_edge,262.296260,1216.924690,2978.268492,1251.177735,261,1189,2714,291,542293,0.686643,123.000000,0.007665,0.940663,1.000000,0.940663,257.836493,2977.839350,16.940268,13.381729,254.999969,250.867452,291,2737.127188,-20.938969,0.992350,output/detection_overlays/sample_1__pos_3__Pic_2026_04_23_142947_330_overlay.png,
sample_1/pos_3/Pic_2026_04_23_142949_331.bmp,Pic_2026_04_23_142949_331.bmp,s1,pos3,,OK,2716.196755,2715.969729,35.117556,0.740795,subpixel_projection_edge,262.292254,1216.492435,2978.261982,1251.609990,261,1189,2714,291,542253,0.686593,123.000000,0.007983,0.937402,1.000000,0.937402,257.832488,2977.832840,16.890085,13.292784,254.999969,250.961253,291,2737.127188,-20.930434,0.992353,output/detection_overlays/sample_1__pos_3__Pic_2026_04_23_142949_331_overlay.png,
sample_1/pos_3/Pic_2026_04_23_142951_332.bmp,Pic_2026_04_23_142951_332.bmp,s1,pos3,,OK,2716.177766,2715.956532,34.666604,0.731286,subpixel_projection_edge,262.290811,1216.717910,2978.247343,1251.384515,261,1189,2714,291,542525,0.686937,123.000000,0.007817,0.938343,1.000000,0.938343,257.831045,2977.818200,16.770405,13.318439,254.999969,250.804361,291,2737.127188,-20.949422,0.992346,output/detection_overlays/sample_1__pos_3__Pic_2026_04_23_142951_332_overlay.png,
sample_1/pos_3/Pic_2026_04_23_142953_333.bmp,Pic_2026_04_23_142953_333.bmp,s1,pos3,,OK,2716.165916,2715.954358,33.899982,0.715117,subpixel_projection_edge,262.314822,1217.101221,2978.269180,1251.001204,261,1189,2714,291,542353,0.686719,123.000000,0.007535,0.941861,1.000000,0.941861,257.855056,2977.840037,16.812887,13.414391,254.999969,250.979428,291,2737.127188,-20.961272,0.992342,output/detection_overlays/sample_1__pos_3__Pic_2026_04_23_142953_333_overlay.png,
sample_1/pos_3/Pic_2026_04_23_142955_334.bmp,Pic_2026_04_23_142955_334.bmp,s1,pos3,,OK,2716.148379,2715.935375,34.015541,0.717559,subpixel_projection_edge,262.298984,1217.662703,2978.234359,1251.678244,261,1189,2714,295,542710,0.677854,123.000000,0.007578,0.940715,1.000000,0.940715,257.839218,2977.805216,16.861599,13.383131,254.999969,249.803150,295,2737.127188,-20.978809,0.992335,output/detection_overlays/sample_1__pos_3__Pic_2026_04_23_142955_334_overlay.png,
sample_1/pos_3/Pic_2026_04_23_142957_335.bmp,Pic_2026_04_23_142957_335.bmp,s1,pos3,,OK,2716.160404,2715.939754,34.620681,0.730322,subpixel_projection_edge,262.275420,1217.360133,2978.215174,1251.980814,261,1189,2714,295,542631,0.677755,123.000000,0.007800,0.932755,1.000000,0.932755,257.815653,2977.786031,17.076180,13.166047,254.999969,249.822118,295,2737.127188,-20.966784,0.992340,output/detection_overlays/sample_1__pos_3__Pic_2026_04_23_142957_335_overlay.png,
sample_1/pos_3/Pic_2026_04_23_142959_336.bmp,Pic_2026_04_23_142959_336.bmp,s1,pos3,,OK,2716.211634,2715.990677,34.645103,0.730824,subpixel_projection_edge,262.271624,1216.728661,2978.262301,1251.373764,261,1189,2714,291,542115,0.686418,123.000000,0.007809,0.940009,1.000000,0.940009,257.811858,2977.833158,17.103724,13.363874,254.999969,251.021713,291,2737.127188,-20.915554,0.992359,output/detection_overlays/sample_1__pos_3__Pic_2026_04_23_142959_336_overlay.png,
sample_1/pos_3/Pic_2026_04_23_143001_337.bmp,Pic_2026_04_23_143001_337.bmp,s1,pos3,,OK,2716.188774,2715.967639,34.658941,0.731122,subpixel_projection_edge,262.288299,1216.721742,2978.255937,1251.380683,261,1189,2714,291,542217,0.686547,123.000000,0.007814,0.941540,1.000000,0.941540,257.828532,2977.826795,16.950693,13.405645,254.999969,250.847282,291,2737.127188,-20.938414,0.992350,output/detection_overlays/sample_1__pos_3__Pic_2026_04_23_143001_337_overlay.png,
sample_1/pos_3/Pic_2026_04_23_143003_338.bmp,Pic_2026_04_23_143003_338.bmp,s1,pos3,,OK,2716.231905,2716.011900,34.570512,0.729245,subpixel_projection_edge,262.271919,1216.765957,2978.283819,1251.336469,261,1189,2714,291,542725,0.687190,123.000000,0.007782,0.941207,1.000000,0.941207,257.812153,2977.854676,16.929707,13.396542,254.999969,251.112411,291,2737.127188,-20.895283,0.992366,output/detection_overlays/sample_1__pos_3__Pic_2026_04_23_143003_338_overlay.png,
sample_1/pos_3/Pic_2026_04_23_143005_339.bmp,Pic_2026_04_23_143005_339.bmp,s1,pos3,,OK,2716.167724,2715.947085,34.619913,0.730304,subpixel_projection_edge,262.278287,1217.360517,2978.225372,1251.980430,261,1189,2714,295,542913,0.678107,123.000000,0.007800,0.933912,1.000000,0.933912,257.818521,2977.796229,17.026787,13.197611,254.999969,249.917149,295,2737.127188,-20.959464,0.992343,output/detection_overlays/sample_1__pos_3__Pic_2026_04_23_143005_339_overlay.png,
sample_1/pos_3/Pic_2026_04_23_143007_340.bmp,Pic_2026_04_23_143007_340.bmp,s1,pos3,,OK,2716.155638,2715.931528,34.891085,0.736028,subpixel_projection_edge,262.274390,1217.224931,2978.205917,1252.116016,261,1189,2714,295,542901,0.678092,123.000000,0.007900,0.932147,1.000000,0.932147,257.814624,2977.776775,17.040037,13.149454,254.999969,249.685965,295,2737.127188,-20.971550,0.992338,output/detection_overlays/sample_1__pos_3__Pic_2026_04_23_143007_340_overlay.png,
sample_1/pos_3/Pic_2026_04_23_143009_341.bmp,Pic_2026_04_23_143009_341.bmp,s1,pos3,,OK,2716.206473,2715.983778,34.781092,0.733694,subpixel_projection_edge,262.253219,1217.279928,2978.236997,1252.061019,261,1189,2714,295,543171,0.678429,123.000000,0.007859,0.941243,1.000000,0.941243,257.793453,2977.807854,17.089252,13.397532,254.999969,249.821027,295,2737.127188,-20.920715,0.992357,output/detection_overlays/sample_1__pos_3__Pic_2026_04_23_143009_341_overlay.png,
sample_1/pos_3/Pic_2026_04_23_143012_342.bmp,Pic_2026_04_23_143012_342.bmp,s1,pos3,,OK,2716.226090,2716.013580,33.976561,0.716717,subpixel_projection_edge,262.260418,1217.062932,2978.273998,1251.039493,261,1189,2714,291,543577,0.688269,123.000000,0.007563,0.942452,1.000000,0.942452,257.800652,2977.844855,17.075424,13.430521,254.999969,250.932173,291,2737.127188,-20.901098,0.992364,output/detection_overlays/sample_1__pos_3__Pic_2026_04_23_143012_342_overlay.png,
sample_1/pos_3/Pic_2026_04_23_143014_343.bmp,Pic_2026_04_23_143014_343.bmp,s1,pos3,,OK,2716.192835,2715.972799,34.572696,0.729301,subpixel_projection_edge,262.249263,1217.384125,2978.222063,1251.956821,261,1189,2714,295,543358,0.678663,123.000000,0.007783,0.937493,1.000000,0.937493,257.789497,2977.792920,17.262131,13.295252,254.999969,249.797763,295,2737.127188,-20.934353,0.992352,output/detection_overlays/sample_1__pos_3__Pic_2026_04_23_143014_343_overlay.png,
sample_1/pos_3/Pic_2026_04_23_143016_344.bmp,Pic_2026_04_23_143016_344.bmp,s1,pos3,,OK,2716.215507,2715.997100,34.444584,0.726593,subpixel_projection_edge,262.227334,1217.448181,2978.224434,1251.892765,261,1189,2714,295,543445,0.678772,123.000000,0.007735,0.936070,1.000000,0.936070,257.767567,2977.795291,17.289803,13.256441,254.999969,249.808242,295,2737.127188,-20.911682,0.992360,output/detection_overlays/sample_1__pos_3__Pic_2026_04_23_143016_344_overlay.png,
sample_1/pos_3/Pic_2026_04_23_143018_345.bmp,Pic_2026_04_23_143018_345.bmp,s1,pos3,,OK,2716.210139,2715.986594,34.847369,0.735091,subpixel_projection_edge,262.249118,1217.246789,2978.235712,1252.094158,261,1189,2714,295,543493,0.678832,123.000000,0.007884,0.939451,1.000000,0.939451,257.789352,2977.806569,17.269125,13.348663,254.999969,249.706709,295,2737.127188,-20.917049,0.992358,output/detection_overlays/sample_1__pos_3__Pic_2026_04_23_143018_345_overlay.png,
sample_1/pos_3/Pic_2026_04_23_143020_346.bmp,Pic_2026_04_23_143020_346.bmp,s1,pos3,,OK,2716.244947,2716.023145,34.711528,0.732216,subpixel_projection_edge,262.237565,1216.695449,2978.260710,1251.406977,261,1189,2714,291,543509,0.688183,123.000000,0.007833,0.942989,1.000000,0.942989,257.777799,2977.831567,17.270489,13.445146,254.999969,250.843970,291,2737.127188,-20.882241,0.992371,output/detection_overlays/sample_1__pos_3__Pic_2026_04_23_143020_346_overlay.png,
sample_2/pos_1/Pic_2026_04_23_142305_266.bmp,Pic_2026_04_23_142305_266.bmp,s2,pos1,,OK,2736.453802,2736.434316,10.326871,0.216224,subpixel_projection_edge,170.714192,827.669977,2907.148508,837.996847,171,798,2731,225,510577,0.830916,123.000000,-0.001173,0.734153,1.000000,0.734153,166.254426,2906.719365,9.899555,7.749637,253.005797,189.760429,225,2737.127188,-0.673387,0.999754,output/detection_overlays/sample_2__pos_1__Pic_2026_04_23_142305_266_overlay.png,
sample_2/pos_1/Pic_2026_04_23_142635_267.bmp,Pic_2026_04_23_142635_267.bmp,s2,pos1,,OK,2736.026914,2736.012361,8.923607,0.186872,subpixel_projection_edge,170.540331,821.873845,2906.552692,830.797452,170,785,2733,267,591208,0.810195,121.000000,-0.001685,1.000000,1.000000,1.000000,166.080564,2906.123549,15.271655,17.331875,254.999969,254.999969,267,2737.127188,-1.100275,0.999598,output/detection_overlays/sample_2__pos_1__Pic_2026_04_23_142635_267_overlay.png,
sample_2/pos_1/Pic_2026_04_23_142637_268.bmp,Pic_2026_04_23_142637_268.bmp,s2,pos1,,OK,2736.019763,2736.005948,8.694525,0.182075,subpixel_projection_edge,170.538248,821.988386,2906.544196,830.682911,170,785,2733,267,590543,0.809283,121.000000,-0.001769,1.000000,1.000000,1.000000,166.078482,2906.115053,15.262873,17.248566,254.999969,254.999969,267,2737.127188,-1.107425,0.999595,output/detection_overlays/sample_2__pos_1__Pic_2026_04_23_142637_268_overlay.png,
sample_2/pos_1/Pic_2026_04_23_142639_269.bmp,Pic_2026_04_23_142639_269.bmp,s2,pos1,,OK,2736.028284,2736.014382,8.721951,0.182649,subpixel_projection_edge,170.529948,821.974673,2906.544331,830.696624,170,785,2733,267,590636,0.809411,121.000000,-0.001759,1.000000,1.000000,1.000000,166.070182,2906.115188,15.320459,17.322357,254.999969,254.999969,267,2737.127188,-1.098904,0.999599,output/detection_overlays/sample_2__pos_1__Pic_2026_04_23_142639_269_overlay.png,
sample_2/pos_1/Pic_2026_04_23_142642_270.bmp,Pic_2026_04_23_142642_270.bmp,s2,pos1,,OK,2736.012440,2735.998034,8.878474,0.185928,subpixel_projection_edge,170.538793,821.896412,2906.536828,830.774886,170,785,2733,267,591784,0.810984,121.000000,-0.001702,1.000000,1.000000,1.000000,166.079027,2906.107685,15.276573,17.262234,254.999969,254.999969,267,2737.127188,-1.114748,0.999593,output/detection_overlays/sample_2__pos_1__Pic_2026_04_23_142642_270_overlay.png,
sample_2/pos_1/Pic_2026_04_23_142644_271.bmp,Pic_2026_04_23_142644_271.bmp,s2,pos1,,OK,2736.022364,2736.009651,8.340626,0.174664,subpixel_projection_edge,170.532046,823.855705,2906.541697,832.196332,170,787,2733,265,591352,0.816508,121.000000,-0.001898,1.000000,1.000000,1.000000,166.072280,2906.112555,15.299474,17.275036,254.999969,254.999969,265,2737.127188,-1.104824,0.999596,output/detection_overlays/sample_2__pos_1__Pic_2026_04_23_142644_271_overlay.png,
sample_2/pos_1/Pic_2026_04_23_142646_272.bmp,Pic_2026_04_23_142646_272.bmp,s2,pos1,,OK,2736.029134,2736.014431,8.969696,0.187837,subpixel_projection_edge,170.527582,821.850801,2906.542014,830.820497,170,785,2733,267,591265,0.810273,121.000000,-0.001668,1.000000,1.000000,1.000000,166.067816,2906.112871,15.368344,17.260006,254.999969,254.999969,267,2737.127188,-1.098054,0.999599,output/detection_overlays/sample_2__pos_1__Pic_2026_04_23_142646_272_overlay.png,
sample_2/pos_1/Pic_2026_04_23_142648_273.bmp,Pic_2026_04_23_142648_273.bmp,s2,pos1,,OK,2736.033012,2736.018587,8.884631,0.186055,subpixel_projection_edge,170.527661,821.893333,2906.546248,830.777964,170,785,2733,267,590949,0.809840,121.000000,-0.001700,1.000000,1.000000,1.000000,166.067895,2906.117105,15.374659,17.303923,254.999969,254.999969,267,2737.127188,-1.094176,0.999600,output/detection_overlays/sample_2__pos_1__Pic_2026_04_23_142648_273_overlay.png,
sample_2/pos_1/Pic_2026_04_23_142650_274.bmp,Pic_2026_04_23_142650_274.bmp,s2,pos1,,OK,2736.045755,2736.031359,8.875652,0.185866,subpixel_projection_edge,170.526831,821.897823,2906.558190,830.773475,170,785,2733,267,592105,0.811424,121.000000,-0.001703,1.000000,1.000000,1.000000,166.067065,2906.129047,15.394623,17.367472,254.999969,254.999969,267,2737.127188,-1.081433,0.999605,output/detection_overlays/sample_2__pos_1__Pic_2026_04_23_142650_274_overlay.png,
sample_2/pos_1/Pic_2026_04_23_142652_275.bmp,Pic_2026_04_23_142652_275.bmp,s2,pos1,,OK,2736.027077,2736.013496,8.620820,0.180531,subpixel_projection_edge,170.531772,823.715608,2906.545267,832.336428,170,787,2733,265,590644,0.815531,121.000000,-0.001796,1.000000,1.000000,1.000000,166.072005,2906.116124,15.336869,17.261345,254.999969,254.999969,265,2737.127188,-1.100111,0.999598,output/detection_overlays/sample_2__pos_1__Pic_2026_04_23_142652_275_overlay.png,
sample_2/pos_1/Pic_2026_04_23_142654_276.bmp,Pic_2026_04_23_142654_276.bmp,s2,pos1,,OK,2736.024894,2736.011577,8.536509,0.178765,subpixel_projection_edge,170.515882,823.757764,2906.527459,832.294273,170,787,2733,265,591029,0.816062,121.000000,-0.001827,1.000000,1.000000,1.000000,166.056116,2906.098316,15.476883,17.193304,254.999969,254.999969,265,2737.127188,-1.102295,0.999597,output/detection_overlays/sample_2__pos_1__Pic_2026_04_23_142654_276_overlay.png,
sample_2/pos_1/Pic_2026_04_23_142656_277.bmp,Pic_2026_04_23_142656_277.bmp,s2,pos1,,OK,2736.044914,2736.030672,8.827717,0.184862,subpixel_projection_edge,170.526344,821.921790,2906.557016,830.749507,169,785,2734,267,591056,0.809690,121.000000,-0.001720,1.000000,1.000000,1.000000,166.066578,2906.127873,15.369697,17.348358,254.999969,254.999969,267,2737.127188,-1.082275,0.999605,output/detection_overlays/sample_2__pos_1__Pic_2026_04_23_142656_277_overlay.png,
sample_2/pos_1/Pic_2026_04_23_142658_278.bmp,Pic_2026_04_23_142658_278.bmp,s2,pos1,,OK,2736.020649,2736.005335,9.154360,0.191704,subpixel_projection_edge,170.524288,821.758469,2906.529623,830.912829,170,785,2733,267,590934,0.809819,121.000000,-0.001601,1.000000,1.000000,1.000000,166.064522,2906.100480,15.393097,17.233402,254.999969,254.999969,267,2737.127188,-1.106539,0.999596,output/detection_overlays/sample_2__pos_1__Pic_2026_04_23_142658_278_overlay.png,
sample_2/pos_1/Pic_2026_04_23_142700_279.bmp,Pic_2026_04_23_142700_279.bmp,s2,pos1,,OK,2736.047039,2736.032577,8.895741,0.186287,subpixel_projection_edge,170.530808,821.887778,2906.563385,830.783519,170,785,2733,267,591756,0.810946,121.000000,-0.001695,1.000000,1.000000,1.000000,166.071042,2906.134242,15.339922,17.441387,254.999969,254.999969,267,2737.127188,-1.080150,0.999605,output/detection_overlays/sample_2__pos_1__Pic_2026_04_23_142700_279_overlay.png,
sample_2/pos_1/Pic_2026_04_23_142702_280.bmp,Pic_2026_04_23_142702_280.bmp,s2,pos1,,OK,2736.046717,2736.033661,8.452593,0.177007,subpixel_projection_edge,170.496451,822.109352,2906.530112,830.561945,170,785,2733,267,591504,0.810600,121.000000,-0.001857,1.000000,1.000000,1.000000,166.036685,2906.100969,15.639803,17.218441,254.999969,254.999969,267,2737.127188,-1.080471,0.999605,output/detection_overlays/sample_2__pos_1__Pic_2026_04_23_142702_280_overlay.png,
sample_2/pos_1/Pic_2026_04_23_142704_281.bmp,Pic_2026_04_23_142704_281.bmp,s2,pos1,,OK,2736.061058,2736.046823,8.825794,0.184821,subpixel_projection_edge,170.513858,823.613121,2906.560681,832.438915,170,787,2733,265,591251,0.816369,121.000000,-0.001721,1.000000,1.000000,1.000000,166.054092,2906.131538,15.529977,17.405396,254.999969,254.999969,265,2737.127188,-1.066131,0.999610,output/detection_overlays/sample_2__pos_1__Pic_2026_04_23_142704_281_overlay.png,
sample_2/pos_1/Pic_2026_04_23_142706_282.bmp,Pic_2026_04_23_142706_282.bmp,s2,pos1,,OK,2736.036106,2736.021193,9.033674,0.189176,subpixel_projection_edge,170.520598,821.818812,2906.541791,830.852486,170,785,2733,267,591176,0.810151,121.000000,-0.001645,1.000000,1.000000,1.000000,166.060832,2906.112648,15.430900,17.222687,254.999969,254.999969,267,2737.127188,-1.091082,0.999601,output/detection_overlays/sample_2__pos_1__Pic_2026_04_23_142706_282_overlay.png,
sample_2/pos_1/Pic_2026_04_23_142708_283.bmp,Pic_2026_04_23_142708_283.bmp,s2,pos1,,OK,2736.047449,2736.031917,9.219097,0.193058,subpixel_projection_edge,170.506381,821.726100,2906.538298,830.945197,170,785,2733,267,591833,0.811051,121.000000,-0.001577,1.000000,1.000000,1.000000,166.046614,2906.109155,15.557615,17.290396,254.999969,254.999969,267,2737.127188,-1.079739,0.999606,output/detection_overlays/sample_2__pos_1__Pic_2026_04_23_142708_283_overlay.png,
sample_2/pos_1/Pic_2026_04_23_142710_284.bmp,Pic_2026_04_23_142710_284.bmp,s2,pos1,,OK,2736.078683,2736.065457,8.507219,0.178149,subpixel_projection_edge,170.492849,822.082039,2906.558307,830.589258,170,785,2733,267,591243,0.810243,121.000000,-0.001838,1.000000,1.000000,1.000000,166.033083,2906.129164,15.698831,17.352318,254.999969,254.999969,267,2737.127188,-1.048505,0.999617,output/detection_overlays/sample_2__pos_1__Pic_2026_04_23_142710_284_overlay.png,
sample_2/pos_1/Pic_2026_04_23_142712_285.bmp,Pic_2026_04_23_142712_285.bmp,s2,pos1,,OK,2736.058687,2736.044644,8.766400,0.183577,subpixel_projection_edge,170.516717,821.952449,2906.561361,830.718849,170,785,2733,267,591108,0.810058,121.000000,-0.001743,1.000000,1.000000,1.000000,166.056951,2906.132218,15.494287,17.433586,254.999969,254.999969,267,2737.127188,-1.068501,0.999610,output/detection_overlays/sample_2__pos_1__Pic_2026_04_23_142712_285_overlay.png,
sample_2/pos_2/Pic_2026_04_23_143229_353.bmp,Pic_2026_04_23_143229_353.bmp,s2,pos2,,OK,2734.212999,2734.117496,-22.852588,-0.478884,subpixel_projection_edge,190.308530,1342.193071,2924.426026,1319.340482,190,1282,2732,315,614087,0.713573,123.000000,-0.013305,1.000000,1.000000,1.000000,185.848764,2923.996884,16.445293,15.402184,254.999969,238.133793,315,2737.127188,-2.914189,0.998935,output/detection_overlays/sample_2__pos_2__Pic_2026_04_23_143229_353_overlay.png,
sample_2/pos_2/Pic_2026_04_23_143231_354.bmp,Pic_2026_04_23_143231_354.bmp,s2,pos2,,OK,2734.231505,2734.144314,-21.835518,-0.457568,subpixel_projection_edge,190.306813,1341.684536,2924.451128,1319.849018,190,1282,2732,315,614172,0.713672,123.000000,-0.012933,1.000000,1.000000,1.000000,185.847047,2924.021985,16.531042,15.491377,254.999969,238.380356,315,2737.127188,-2.895683,0.998942,output/detection_overlays/sample_2__pos_2__Pic_2026_04_23_143231_354_overlay.png,
sample_2/pos_2/Pic_2026_04_23_143233_355.bmp,Pic_2026_04_23_143233_355.bmp,s2,pos2,,OK,2734.227165,2734.138285,-22.046047,-0.461980,subpixel_projection_edge,190.276122,1341.789800,2924.414407,1319.743753,190,1282,2732,315,614122,0.713614,123.000000,-0.013010,1.000000,1.000000,1.000000,185.816356,2923.985264,16.745073,15.402630,254.999969,238.196030,315,2737.127188,-2.900023,0.998940,output/detection_overlays/sample_2__pos_2__Pic_2026_04_23_143233_355_overlay.png,
sample_2/pos_2/Pic_2026_04_23_143235_356.bmp,Pic_2026_04_23_143235_356.bmp,s2,pos2,,OK,2734.194105,2734.104381,-22.150327,-0.464171,subpixel_projection_edge,190.290970,1341.841940,2924.395351,1319.691613,190,1282,2732,315,614539,0.714099,123.000000,-0.013048,1.000000,1.000000,1.000000,185.831204,2923.966209,16.610577,15.230861,254.999969,237.981487,315,2737.127188,-2.933083,0.998928,output/detection_overlays/sample_2__pos_2__Pic_2026_04_23_143235_356_overlay.png,
sample_2/pos_2/Pic_2026_04_23_143238_357.bmp,Pic_2026_04_23_143238_357.bmp,s2,pos2,,OK,2734.243961,2734.156875,-21.822480,-0.457293,subpixel_projection_edge,190.267574,1341.678017,2924.424449,1319.855536,190,1282,2732,315,614815,0.714419,123.000000,-0.012928,1.000000,1.000000,1.000000,185.807808,2923.995306,16.807549,15.510901,254.999969,238.119968,315,2737.127188,-2.883227,0.998947,output/detection_overlays/sample_2__pos_2__Pic_2026_04_23_143238_357_overlay.png,
sample_2/pos_2/Pic_2026_04_23_143240_358.bmp,Pic_2026_04_23_143240_358.bmp,s2,pos2,,OK,2734.236358,2734.145987,-22.230333,-0.465841,subpixel_projection_edge,190.275160,1341.881943,2924.421146,1319.651610,190,1282,2732,315,614321,0.713845,123.000000,-0.013077,1.000000,1.000000,1.000000,185.815393,2923.992004,16.699619,15.265456,254.999969,238.303391,315,2737.127188,-2.890830,0.998944,output/detection_overlays/sample_2__pos_2__Pic_2026_04_23_143240_358_overlay.png,
sample_2/pos_2/Pic_2026_04_23_143242_359.bmp,Pic_2026_04_23_143242_359.bmp,s2,pos2,,OK,2734.211901,2734.119393,-22.491471,-0.471317,subpixel_projection_edge,190.294511,1342.012512,2924.413904,1319.521041,190,1282,2732,315,614955,0.714582,123.000000,-0.013173,1.000000,1.000000,1.000000,185.834745,2923.984762,16.575186,15.299563,254.999969,238.139109,315,2737.127188,-2.915287,0.998935,output/detection_overlays/sample_2__pos_2__Pic_2026_04_23_143242_359_overlay.png,
sample_2/pos_2/Pic_2026_04_23_143244_360.bmp,Pic_2026_04_23_143244_360.bmp,s2,pos2,,OK,2734.226412,2734.136299,-22.198357,-0.465172,subpixel_projection_edge,190.284021,1341.865955,2924.420321,1319.667598,190,1282,2732,315,614819,0.714424,123.000000,-0.013066,1.000000,1.000000,1.000000,185.824255,2923.991178,16.612467,15.254455,254.999969,238.279377,315,2737.127188,-2.900777,0.998940,output/detection_overlays/sample_2__pos_2__Pic_2026_04_23_143244_360_overlay.png,
sample_2/pos_2/Pic_2026_04_23_143246_361.bmp,Pic_2026_04_23_143246_361.bmp,s2,pos2,,OK,2734.214836,2734.125950,-22.046796,-0.461998,subpixel_projection_edge,190.297782,1341.790174,2924.423732,1319.743379,190,1282,2732,315,614908,0.714527,123.000000,-0.013010,1.000000,1.000000,1.000000,185.838016,2923.994589,16.561287,15.534238,254.999969,238.154503,315,2737.127188,-2.912352,0.998936,output/detection_overlays/sample_2__pos_2__Pic_2026_04_23_143246_361_overlay.png,
sample_2/pos_2/Pic_2026_04_23_143248_362.bmp,Pic_2026_04_23_143248_362.bmp,s2,pos2,,OK,2734.247080,2734.149567,-23.092008,-0.483896,subpixel_projection_edge,190.275016,1342.312781,2924.424583,1319.220772,190,1282,2732,315,614140,0.713635,123.000000,-0.013393,1.000000,1.000000,1.000000,185.815250,2923.995441,16.734554,15.404335,254.999969,238.385557,315,2737.127188,-2.880108,0.998948,output/detection_overlays/sample_2__pos_2__Pic_2026_04_23_143248_362_overlay.png,
sample_2/pos_2/Pic_2026_04_23_143250_363.bmp,Pic_2026_04_23_143250_363.bmp,s2,pos2,,OK,2734.226968,2734.136322,-22.264031,-0.466548,subpixel_projection_edge,190.281203,1341.898792,2924.417525,1319.634761,190,1282,2732,315,614506,0.714060,123.000000,-0.013090,1.000000,1.000000,1.000000,185.821437,2923.988382,16.714987,15.416590,254.999969,238.244373,315,2737.127188,-2.900220,0.998940,output/detection_overlays/sample_2__pos_2__Pic_2026_04_23_143250_363_overlay.png,
sample_2/pos_2/Pic_2026_04_23_143252_364.bmp,Pic_2026_04_23_143252_364.bmp,s2,pos2,,OK,2734.203938,2734.118585,-21.604211,-0.452725,subpixel_projection_edge,190.307530,1341.568882,2924.426115,1319.964671,190,1282,2732,315,614668,0.714249,123.000000,-0.012848,1.000000,1.000000,1.000000,185.847764,2923.996972,16.515003,15.338417,254.999969,238.100536,315,2737.127188,-2.923250,0.998932,output/detection_overlays/sample_2__pos_2__Pic_2026_04_23_143252_364_overlay.png,
sample_2/pos_2/Pic_2026_04_23_143254_365.bmp,Pic_2026_04_23_143254_365.bmp,s2,pos2,,OK,2734.213690,2734.124564,-22.076458,-0.462620,subpixel_projection_edge,190.280149,1341.805006,2924.404713,1319.728547,190,1282,2732,315,615235,0.714907,123.000000,-0.013021,1.000000,1.000000,1.000000,185.820383,2923.975570,16.665401,15.316076,254.999969,238.318668,315,2737.127188,-2.913498,0.998936,output/detection_overlays/sample_2__pos_2__Pic_2026_04_23_143254_365_overlay.png,
sample_2/pos_2/Pic_2026_04_23_143256_366.bmp,Pic_2026_04_23_143256_366.bmp,s2,pos2,,OK,2734.212104,2734.124997,-21.824996,-0.457351,subpixel_projection_edge,190.288359,1341.679275,2924.413356,1319.854278,190,1282,2732,315,615273,0.714952,123.000000,-0.012929,1.000000,1.000000,1.000000,185.828593,2923.984213,16.642340,15.352163,254.999969,238.294386,315,2737.127188,-2.915084,0.998935,output/detection_overlays/sample_2__pos_2__Pic_2026_04_23_143256_366_overlay.png,
sample_2/pos_2/Pic_2026_04_23_143258_367.bmp,Pic_2026_04_23_143258_367.bmp,s2,pos2,,OK,2734.253387,2734.166128,-21.844294,-0.457748,subpixel_projection_edge,190.253377,1341.688923,2924.419504,1319.844630,190,1282,2732,315,614722,0.714311,123.000000,-0.012936,1.000000,1.000000,1.000000,185.793610,2923.990361,16.830288,15.310730,254.999969,238.190851,315,2737.127188,-2.873801,0.998950,output/detection_overlays/sample_2__pos_2__Pic_2026_04_23_143258_367_overlay.png,
sample_2/pos_2/Pic_2026_04_23_143300_368.bmp,Pic_2026_04_23_143300_368.bmp,s2,pos2,,OK,2734.278919,2734.185821,-22.563306,-0.472811,subpixel_projection_edge,190.269777,1342.048429,2924.455598,1319.485124,190,1282,2732,315,614551,0.714113,123.000000,-0.013199,1.000000,1.000000,1.000000,185.810011,2924.026455,16.796389,15.476245,254.999969,238.285618,315,2737.127188,-2.848270,0.998959,output/detection_overlays/sample_2__pos_2__Pic_2026_04_23_143300_368_overlay.png,
sample_2/pos_2/Pic_2026_04_23_143302_369.bmp,Pic_2026_04_23_143302_369.bmp,s2,pos2,,OK,2734.230512,2734.140382,-22.200576,-0.465218,subpixel_projection_edge,190.276254,1341.867065,2924.416636,1319.666488,190,1282,2732,315,614533,0.714092,123.000000,-0.013067,1.000000,1.000000,1.000000,185.816488,2923.987493,16.728395,15.457087,254.999969,238.150637,315,2737.127188,-2.896676,0.998942,output/detection_overlays/sample_2__pos_2__Pic_2026_04_23_143302_369_overlay.png,
sample_2/pos_2/Pic_2026_04_23_143304_370.bmp,Pic_2026_04_23_143304_370.bmp,s2,pos2,,OK,2734.241536,2734.145331,-22.936563,-0.480639,subpixel_projection_edge,190.266717,1342.235058,2924.412049,1319.298495,190,1282,2732,315,613951,0.713415,123.000000,-0.013336,1.000000,1.000000,1.000000,185.806951,2923.982906,16.787615,15.297638,254.999969,238.295948,315,2737.127188,-2.885652,0.998946,output/detection_overlays/sample_2__pos_2__Pic_2026_04_23_143304_370_overlay.png,
sample_2/pos_2/Pic_2026_04_23_143306_371.bmp,Pic_2026_04_23_143306_371.bmp,s2,pos2,,OK,2734.248913,2734.159507,-22.111270,-0.463343,subpixel_projection_edge,190.253377,1341.822412,2924.412883,1319.711141,190,1282,2732,315,614940,0.714565,123.000000,-0.013034,1.000000,1.000000,1.000000,185.793610,2923.983740,16.830288,15.366034,254.999969,238.184515,315,2737.127188,-2.878276,0.998948,output/detection_overlays/sample_2__pos_2__Pic_2026_04_23_143306_371_overlay.png,
sample_2/pos_2/Pic_2026_04_23_143308_372.bmp,Pic_2026_04_23_143308_372.bmp,s2,pos2,,OK,2734.229524,2734.138004,-22.371085,-0.468791,subpixel_projection_edge,190.270510,1341.952319,2924.408514,1319.581234,190,1282,2732,315,614184,0.713686,123.000000,-0.013129,1.000000,1.000000,1.000000,185.810744,2923.979371,16.746616,15.347401,254.999969,238.128382,315,2737.127188,-2.897664,0.998941,output/detection_overlays/sample_2__pos_2__Pic_2026_04_23_143308_372_overlay.png,
sample_2/pos_3/Pic_2026_04_23_143330_373.bmp,Pic_2026_04_23_143330_373.bmp,s2,pos3,,OK,2723.576053,2723.484696,-22.307526,-0.469288,subpixel_projection_edge,141.014233,480.598312,2864.498929,458.290786,140,423,2721,300,580588,0.711243,121.000000,-0.013138,1.000000,1.000000,1.000000,136.554467,2864.069787,17.727510,16.769566,254.999969,254.999969,300,2737.127188,-13.551135,0.995049,output/detection_overlays/sample_2__pos_3__Pic_2026_04_23_143330_373_overlay.png,
sample_2/pos_3/Pic_2026_04_23_143332_374.bmp,Pic_2026_04_23_143332_374.bmp,s2,pos3,,OK,2723.602484,2723.517004,-21.578233,-0.453941,subpixel_projection_edge,140.982224,480.233666,2864.499228,458.655433,140,423,2721,300,580594,0.711251,121.000000,-0.012870,1.000000,1.000000,1.000000,136.522458,2864.070085,18.004114,16.816324,254.999969,254.999969,300,2737.127188,-13.524704,0.995059,output/detection_overlays/sample_2__pos_3__Pic_2026_04_23_143332_374_overlay.png,
sample_2/pos_3/Pic_2026_04_23_143334_375.bmp,Pic_2026_04_23_143334_375.bmp,s2,pos3,,OK,2723.606080,2723.515357,-22.230077,-0.467653,subpixel_projection_edge,141.016986,480.559588,2864.532343,458.329510,141,423,2720,300,580594,0.711512,121.000000,-0.013109,1.000000,1.000000,1.000000,136.557220,2864.103200,17.671129,17.179216,254.999969,254.999969,300,2737.127188,-13.521109,0.995060,output/detection_overlays/sample_2__pos_3__Pic_2026_04_23_143334_375_overlay.png,
sample_2/pos_3/Pic_2026_04_23_143336_376.bmp,Pic_2026_04_23_143336_376.bmp,s2,pos3,,OK,2723.618664,2723.528606,-22.148612,-0.465937,subpixel_projection_edge,141.001185,480.518855,2864.529791,458.370243,140,423,2721,300,580707,0.711389,121.000000,-0.013079,1.000000,1.000000,1.000000,136.541419,2864.100648,17.922022,17.020069,254.999969,254.999969,300,2737.127188,-13.508524,0.995065,output/detection_overlays/sample_2__pos_3__Pic_2026_04_23_143336_376_overlay.png,
sample_2/pos_3/Pic_2026_04_23_143338_377.bmp,Pic_2026_04_23_143338_377.bmp,s2,pos3,,OK,2723.588801,2723.501917,-21.754644,-0.457654,subpixel_projection_edge,140.991600,480.321871,2864.493518,458.567227,140,423,2721,300,580493,0.711127,121.000000,-0.012935,1.000000,1.000000,1.000000,136.531834,2864.064375,17.894154,16.822483,254.999969,254.999969,300,2737.127188,-13.538387,0.995054,output/detection_overlays/sample_2__pos_3__Pic_2026_04_23_143338_377_overlay.png,
sample_2/pos_3/Pic_2026_04_23_143340_378.bmp,Pic_2026_04_23_143340_378.bmp,s2,pos3,,OK,2723.583228,2723.496857,-21.690302,-0.456302,subpixel_projection_edge,140.999830,480.289700,2864.496687,458.599398,140,423,2721,300,580146,0.710702,121.000000,-0.012911,1.000000,1.000000,1.000000,136.540064,2864.067544,17.910017,16.841722,254.999969,254.999969,300,2737.127188,-13.543960,0.995052,output/detection_overlays/sample_2__pos_3__Pic_2026_04_23_143340_378_overlay.png,
sample_2/pos_3/Pic_2026_04_23_143342_379.bmp,Pic_2026_04_23_143342_379.bmp,s2,pos3,,OK,2723.598300,2723.509846,-21.950337,-0.461770,subpixel_projection_edge,140.998662,480.419718,2864.508509,458.469381,141,423,2720,300,579817,0.710560,121.000000,-0.013006,1.000000,1.000000,1.000000,136.538896,2864.079366,17.837223,16.969286,254.999969,254.999969,300,2737.127188,-13.528888,0.995057,output/detection_overlays/sample_2__pos_3__Pic_2026_04_23_143342_379_overlay.png,
sample_2/pos_3/Pic_2026_04_23_143344_380.bmp,Pic_2026_04_23_143344_380.bmp,s2,pos3,,OK,2723.602098,2723.512320,-22.114024,-0.465213,subpixel_projection_edge,140.995743,480.501561,2864.508063,458.387537,140,423,2721,300,579855,0.710345,121.000000,-0.013066,1.000000,1.000000,1.000000,136.535977,2864.078921,17.947783,16.925716,254.999969,254.999969,300,2737.127188,-13.525090,0.995059,output/detection_overlays/sample_2__pos_3__Pic_2026_04_23_143344_380_overlay.png,
sample_2/pos_3/Pic_2026_04_23_143346_381.bmp,Pic_2026_04_23_143346_381.bmp,s2,pos3,,OK,2723.582310,2723.497905,-21.442027,-0.451079,subpixel_projection_edge,141.001011,480.165563,2864.498915,458.723535,140,423,2721,300,579763,0.710233,121.000000,-0.012820,1.000000,1.000000,1.000000,136.541244,2864.069772,17.883514,16.859928,254.999969,254.999969,300,2737.127188,-13.544879,0.995051,output/detection_overlays/sample_2__pos_3__Pic_2026_04_23_143346_381_overlay.png,
sample_2/pos_3/Pic_2026_04_23_143348_382.bmp,Pic_2026_04_23_143348_382.bmp,s2,pos3,,OK,2723.583546,2723.496528,-21.771445,-0.458009,subpixel_projection_edge,141.002542,480.330272,2864.499070,458.558827,141,423,2720,300,579340,0.709975,121.000000,-0.012941,1.000000,1.000000,1.000000,136.542776,2864.069927,17.855850,16.870848,254.999969,254.999969,300,2737.127188,-13.543642,0.995052,output/detection_overlays/sample_2__pos_3__Pic_2026_04_23_143348_382_overlay.png,
sample_2/pos_3/Pic_2026_04_23_143350_383.bmp,Pic_2026_04_23_143350_383.bmp,s2,pos3,,OK,2723.570266,2723.479777,-22.201373,-0.467056,subpixel_projection_edge,141.001425,480.545236,2864.481201,458.343863,140,423,2721,300,580124,0.710675,121.000000,-0.013099,1.000000,1.000000,1.000000,136.541658,2864.052059,17.894400,16.561661,254.999969,254.999969,300,2737.127188,-13.556922,0.995047,output/detection_overlays/sample_2__pos_3__Pic_2026_04_23_143350_383_overlay.png,
sample_2/pos_3/Pic_2026_04_23_143352_384.bmp,Pic_2026_04_23_143352_384.bmp,s2,pos3,,OK,2723.601066,2723.511319,-22.110219,-0.465133,subpixel_projection_edge,140.981298,480.499659,2864.492617,458.389439,140,423,2721,300,579557,0.709980,121.000000,-0.013065,1.000000,1.000000,1.000000,136.521532,2864.063475,17.946098,16.786198,254.999969,254.999969,300,2737.127188,-13.526122,0.995058,output/detection_overlays/sample_2__pos_3__Pic_2026_04_23_143352_384_overlay.png,
sample_2/pos_3/Pic_2026_04_23_143354_385.bmp,Pic_2026_04_23_143354_385.bmp,s2,pos3,,OK,2723.586108,2723.494111,-22.385612,-0.470929,subpixel_projection_edge,141.001700,480.637355,2864.495811,458.251743,140,423,2721,300,579508,0.709920,121.000000,-0.013166,1.000000,1.000000,1.000000,136.541934,2864.066668,17.893633,16.793615,254.999969,254.999969,300,2737.127188,-13.541080,0.995053,output/detection_overlays/sample_2__pos_3__Pic_2026_04_23_143354_385_overlay.png,
sample_2/pos_3/Pic_2026_04_23_143356_386.bmp,Pic_2026_04_23_143356_386.bmp,s2,pos3,,OK,2723.592445,2723.504361,-21.904401,-0.460804,subpixel_projection_edge,141.022604,480.396749,2864.526965,458.492349,140,423,2721,300,579089,0.709407,121.000000,-0.012990,1.000000,1.000000,1.000000,136.562837,2864.097822,17.742189,16.942036,254.999969,254.999969,300,2737.127188,-13.534743,0.995055,output/detection_overlays/sample_2__pos_3__Pic_2026_04_23_143356_386_overlay.png,
sample_2/pos_3/Pic_2026_04_23_143358_387.bmp,Pic_2026_04_23_143358_387.bmp,s2,pos3,,OK,2723.585374,2723.495351,-22.144094,-0.465848,subpixel_projection_edge,141.009275,480.516596,2864.504626,458.372502,141,423,2720,300,578898,0.709434,121.000000,-0.013078,1.000000,1.000000,1.000000,136.549509,2864.075484,17.761118,16.719545,254.999969,254.999969,300,2737.127188,-13.541815,0.995053,output/detection_overlays/sample_2__pos_3__Pic_2026_04_23_143358_387_overlay.png,
sample_2/pos_3/Pic_2026_04_23_143400_388.bmp,Pic_2026_04_23_143400_388.bmp,s2,pos3,,OK,2723.557510,2723.466906,-22.215433,-0.467354,subpixel_projection_edge,141.017750,480.552266,2864.484655,458.336832,141,423,2720,300,578342,0.708752,121.000000,-0.013104,1.000000,1.000000,1.000000,136.557984,2864.055513,17.680477,16.759136,254.999969,254.999969,300,2737.127188,-13.569678,0.995042,output/detection_overlays/sample_2__pos_3__Pic_2026_04_23_143400_388_overlay.png,
sample_2/pos_3/Pic_2026_04_23_143402_389.bmp,Pic_2026_04_23_143402_389.bmp,s2,pos3,,OK,2723.566760,2723.481164,-21.592646,-0.454250,subpixel_projection_edge,141.005962,480.240872,2864.487126,458.648226,141,423,2720,300,577669,0.707928,121.000000,-0.012875,1.000000,1.000000,1.000000,136.546196,2864.057984,17.809795,16.740730,254.999969,254.999969,300,2737.127188,-13.560429,0.995046,output/detection_overlays/sample_2__pos_3__Pic_2026_04_23_143402_389_overlay.png,
sample_2/pos_3/Pic_2026_04_23_143404_390.bmp,Pic_2026_04_23_143404_390.bmp,s2,pos3,,OK,2723.559532,2723.472923,-21.720160,-0.456934,subpixel_projection_edge,140.998568,480.304629,2864.471491,458.584469,140,423,2721,300,577693,0.707697,121.000000,-0.012922,1.000000,1.000000,1.000000,136.538802,2864.042348,17.939293,16.701130,254.999969,254.999969,300,2737.127188,-13.567656,0.995043,output/detection_overlays/sample_2__pos_3__Pic_2026_04_23_143404_390_overlay.png,
sample_2/pos_3/Pic_2026_04_23_143406_391.bmp,Pic_2026_04_23_143406_391.bmp,s2,pos3,,OK,2723.516690,2723.435011,-21.092694,-0.443740,subpixel_projection_edge,141.023064,479.990896,2864.458076,458.898202,141,423,2720,300,578780,0.709289,121.000000,-0.012692,1.000000,1.000000,1.000000,136.563298,2864.028933,17.602108,16.578159,254.999969,254.999969,300,2737.127188,-13.610498,0.995027,output/detection_overlays/sample_2__pos_3__Pic_2026_04_23_143406_391_overlay.png,
sample_2/pos_3/Pic_2026_04_23_143408_392.bmp,Pic_2026_04_23_143408_392.bmp,s2,pos3,,OK,2723.571342,2723.483183,-21.913552,-0.461000,subpixel_projection_edge,140.990730,480.401325,2864.473913,458.487773,140,423,2721,300,578169,0.708280,121.000000,-0.012993,1.000000,1.000000,1.000000,136.530964,2864.044770,17.835577,16.783600,254.999969,254.999969,300,2737.127188,-13.555846,0.995047,output/detection_overlays/sample_2__pos_3__Pic_2026_04_23_143408_392_overlay.png,
